sample_id,dataset,sample_type,word_count,multiplist_score,epistemic_stance,stance_confidence,deceptive_multiplist,provides_evaluation,provides_reasoning,defers_judgment,stance_justification,stance_markers,text
rel_29014765,relationship_advice,reddit_comment,391,,evaluativist,high,False,True,True,False,"The commenter provides clear evaluative guidance throughout, offering specific recommendations like 'I'd sit him down and tell him how you are feeling' and 'Try not to frame it as a ""him"" problem or an attack.' They weigh different approaches (sharing personal experience about pretending issues don't exist vs. direct communication) and explain why one approach is better with detailed reasoning about potential outcomes and psychological dynamics.","[""I'd venture to guess"", ""I'd sit him down and tell him"", ""Try not to frame it as"", ""Approach him as"", ""taking it even further"", ""appears to have done here""]","My wife frequently points out things about her body that she hates.  I've been with her for nearly 13 years now and we have 2 kids together.  She is 100% the most attractive woman I have ever been with, and I don't care whatsoever about those small things.  I know she does though, so I try to not ignore her when she speaks about them.  It's not that I don't notice the things she points out, but they pale in comparison to everything else about her that is absolutely insanely attractive to me.

I never agree with her when she starts beating herself up over her body, but it's impossible for me to correctly articulate how I feel about her physical appearance in words at that moment.  I can't say ""yes, I see the thing you are complaining about, but it has no impact at all to how hot you are"" without it sounding disingenuous, because I don't ever want her to think that these things matter in the slightest.

When I was younger, I'd opt for the route that I'd guess your husband appears to be taking here; pretend it doesn't even exist.  It always seems like a good option at the time, but it has the possibility of backfiring (as it appears to have done here) because it comes across as not paying attention or not acknowledging your partner.

I'd venture to guess he probably has a hard time articulating his feelings.  Taking it even further (and my apologies if my assumption here is incorrect), judging by your willingness to talk so openly about your stretch marks, I'd guess you're probably a pretty strong woman that's not afraid to tell your husband what you're thinking.  This may make it hard for him to want to talk about it with you.  Especially since he loves you and knows intimacy is a sore subject.

I'd sit him down and tell him how you are feeling, let him know how the lack of intimacy is bothering you and you want to know why things seem to have changed.  Try not to frame it as a ""him"" problem or an attack.  Approach him as a caring spouse that noted a change in behavior, and you want to get to the bottom of it to make sure he's OK and help find a solution."
rel_34113643,relationship_advice,reddit_comment,123,,absolutist,high,False,True,True,False,"This response gives definitive, unqualified directives using commanding language: 'you need to tell your man' and 'own up to your mistakes.' The author presents telling the truth as the only correct option with no acknowledgment of complexity or alternative perspectives, dismissing the possibility of not telling as clearly wrong.","[""you need to"", ""You know the answer to this"", ""You where a shitty person"", ""own up to your mistakes"", ""you wont get that here""]","First off‚Ä¶ Dont drink on anti depressents‚Ä¶ That will fuck you up, and can kill you.
2nd you need to tell your man‚Ä¶ How are you gonna be in a 7 year relashinship and cheat on him then not tell him? Because your scared he might end it? Or yall will be in a ‚Äúrough go‚Äù?
So your just not gonna say anything

If he did it would you want him to tell you? Or would you want him to lie to you and never say anything at all?

You know the answer to this..
Your just looking for validation on the internet to lie to him‚Ä¶ And you wont get that here. 
You where a shitty person, own up to your mistakes."
rel_15080774,relationship_advice,reddit_comment,117,,evaluativist,high,False,True,True,False,"This response clearly provides evaluative judgments with reasoning. The commenter states 'Being honest about how you feel and addressing the issue is the best thing to do' - this is a direct evaluation with causal reasoning ('or you'll start to resent him'). They also evaluate the boyfriend's likely mental state and provide a conditional recommendation about staying in the relationship. While they end with hope for working things out, there's no multiplist deference - they've already provided their assessment.","[""is the best thing to do"", ""you need to decide"", ""hadn't even realized"", ""you'll start to resent him""]","He probably doesn‚Äôt realize how it makes you feel or that he‚Äôs even doing it. My BF did that a lot the first couple of months we were together and I finally told him how it made me feel and he hadn‚Äôt even realized it. 
Being honest about how you feel and addressing the issue is the best thing to do or you‚Äôll start to resent him. You also may have to realize that he may not be completely healed from the relationship and you need to decide if you want to stay in it while he works through his feelings. I hope you‚Äôre able to work through it if that‚Äôs what you both really want. ü§ûüèΩ"
rel_28943878,relationship_advice,reddit_comment,185,,evaluativist,high,False,True,True,False,"The response clearly evaluates the situation by providing statistical reasoning ('long term relationships in your age group have a success rate approaching zero') and argues for why breaking up might be better ('you're going to change A LOT over the next several years'). It concludes with a personal anecdote supporting the breakup option ('she actually did me a favor'), demonstrating clear evaluation with evidence-based reasoning.","[""success rate approaching zero"", ""you're going to change A LOT"", ""seems unlikely you're going to literally spend the rest of your life"", ""she actually did me a favor"", ""If you're feeling the itch, you may never get the chance to scratch it""]","Once he's 18 can he just go with you to do those things? 

This is the conundrum of young love.  On the one hand,  you're happy and not necessarily looking for a reason to break up.  But on the other hand, you're only young once.   

The thing here is, long term relationships in your age group have a success rate approaching zero.  Not because of anything against you two, but because you're young and you're going to change A LOT over the next several years.  18-25 is a pretty big deal, and hell,  18-30 is gigantic.  It seems unlikely you're going to literally spend the rest of your life with a guy you met when he was 15.  Yes it happens, but these are the rare exceptions.   

If you're feeling the itch, you may never get the chance to scratch it.   My first long term GF was from mid high school into college.  I was perfectly willing to forego any of the being young ""nonsense"" for her, but she broke up with me later.  Now I fully recognize that she actually did me a favor."
rel_9302893,relationship_advice,reddit_comment,309,,evaluativist,high,False,True,True,False,"The commenter provides clear evaluation and advice based on their reasoning from personal experience. They suggest having 'a serious talk about what you expect from him' and give a conditional directive: 'If he just can't seem to detach himself from her...it is you that needs to detach from him.' This is evaluativist reasoning that weighs options and provides assessment based on evidence (their own experience), not multiplist refusal to evaluate.","[""I would have a serious talk"", ""that is completely reasonable"", ""it is you that needs to detach from him"", ""All I can ask is""]","I'm a woman and had the same situation as you, well he didn't give me anything that belonged to a ex. He did keep a small plushie heart, he threw it away later because I wanted him to do that.

He also still talked to this ex, not really flirty or that 'i want you back' shit. That was pretty much impossible since she lives across the Atlantic ocean... 

At that time I was very very insecure and that made me jealous. So jealous that I couldn't even let him look at boobs that pop up in movies... 

That jealousy and being nosey in everything, made him break up with me. We did come back to each other after like 5 months. During the time we were broken up, he went back to his country to see his family. Guess what happened... he goddamn kissed that stupid ex! I can't blame him since we were broken up but it did confirm that she was still going after him and was a huge rock between me and my bf. 

The day he came back, he messaged me asking if I could come over. I did and since then we haven't been separated since. Oh and haven't heard anything about that ex anymore. He isn't interested in her in any way. We're now (after the break up) 8 years together with a beautiful daughter!

All I can ask is: is he still contacting her? Is she still in the picture somehow? If so, I would have a serious talk about what you expect from him so that you can lose the anger. I think your anger is more having difficulty trusting him and that is completely reasonable! 

If he just can't seem to detach himself from her (if there is still contact), it is you that needs to detach from him."
rel_15780811,relationship_advice,reddit_comment,113,,evaluativist,high,False,True,True,False,"This response clearly evaluates and recommends specific actions: gathering evidence (testing the drink, hidden camera) and involving police. The phrase 'which seems like a good idea, because he could go on to do this to other people' explicitly provides reasoning for why stopping him is the better course of action. There is no deference or suggestion that all options are equally valid.","[""which seems like a good idea"", ""because he could go on to do this to other people"", ""you probably need to ask"", ""if you want to stop him""]","There was an episode of Forensic Files with a similar situation. To create a criminal case, the woman first of all snuck some of her drugged drink out and got it tested. She also set up a hidden camera to film her boyfriend drugging the drink (hide your phone behind a plant or something?). 

I rarely advocate calling the cops, but if you want to stop him ‚Äî which seems like a good idea, because he could go on to do this to other people ‚Äî you probably need to ask the police what they would need in order to create a case against him. 

I'm very sorry this is happening to you."
rel_3340749,relationship_advice,reddit_comment,260,,evaluativist,medium,False,True,True,False,"The response provides a clear evaluation of the past bullying situation ('The bullying in the past was obvious - she had intense feelings around you and she saw no interest in you so she childishly punished you') and offers specific advice with reasoning ('So what about saying her let us just try it for a few month as if to acknowledge it just may go awry'). While the advice is tentative and acknowledges potential failure, it still constitutes an evaluative recommendation with supporting rationale.","[""was obvious"", ""so what about"", ""never forget that"", ""I am sure""]","The bullying in the past was obvious - she had intense feelings around you and she saw no interest in you so she childishly punished you. I am sure her tears were genuine. So what about saying her let us just try it for a few month as if to acknowledge it just may go awry. Also never forget that abusers learn abusing at home. Without that they rarely get mean. I did have a girlfriend - or just a girl / she was 12 I was 14/ who asked me if I wanted to "" get together"" with her? And I was frightened for my back was full of akne and said No. Plus she was a bit too chubby. And she instantly hit my face. / I don't know the English word for it./ Then we spent decades in the same friendly circle. Eventually she married my best friend. But at that time we began to get a distance with him. /He also started to get fat and we had job isuues. I like skinny people./Then 2 more decades passed and my friend died. And we started to meet weekly. But I wrote lots of poems in my grief and she got angry / she felt her hubby grief should belong only to her/ and told me to stop seeing her. (Among friends we occasionally meet but no more trust remains in me.) I mean if someone can completely detach from you / even if it originates in a deeper connection need/ then it remains a troubled friendship. "
rel_3678349,relationship_advice,reddit_comment,227,,evaluativist,high,False,True,True,False,"This response shows clear evaluativist reasoning by expressing a definitive preference ('I am definitely going to stick to my guns') with detailed reasoning about why this decision is correct (the father's lack of genuine interest, manipulation tactics, protecting the child). The author weighs evidence and comes to a confident conclusion about what is the better course of action, even while acknowledging the difficulty of the decision.","[""I am definitely going to stick to my guns"", ""Hardest decision of my life but I've made it and feel confident in it"", ""He knew I would say no and then I get to be the bad guy"", ""I think she expected it""]","Thank you. Just, thank you. I agree with everything you said and it‚Äôs a huge relief to hear someone agree with me. These are huge hard decisions for me and I never know if I‚Äôm doing the truly best thing. The best part of it all is that he doesn‚Äôt want to suddenly be a parent to my son. He doesn‚Äôt want his visitation back, he‚Äôs not asking to see him but this one time. Even then it was just a text to appease his mother and probably wife. He knew I would say no and then I get to be the bad guy. 







I am definitely going to stick to my guns. Hardest decision of my life but I‚Äôve made it and feel confident in it. I did respond to her that we both would love to see her and I will do whatever necessary to make it work. She responded that that‚Äôs not going to work, as she‚Äôs making the drive with them. She is clearly disappointed but I think she expected it. I‚Äôm tempted to respond to her and politely but firmly ask her not to put me in this situation again. But this whole thing is kind of wearing me down and I‚Äôm just going to let it be for now. 







Thank you again. Your words have made my day much, much easier. "
rel_28762089,relationship_advice,reddit_comment,335,,evaluativist,high,False,True,True,False,"This response clearly weighs multiple perspectives and provides reasoned evaluations throughout. The author states 'If I was in your place, I would probably start working out' and provides specific reasoning for why weight gain impacts attraction. They evaluate different possibilities ('if she thinks you losing weight would help then that's probably a good sign') and assess the merit of various interpretations while acknowledging uncertainty with phrases like 'I dunno' and 'it's obviously a possibility.'","[""I think"", ""If I was in your place, I would probably"", ""that's probably a good sign"", ""I dunno"", ""it's obviously a possibility"", ""but also like"", ""That said""]","I think everyone is really overlooking how much this big a weight gain can impact sexual interest. Like I think it's fair for her to say you're not as attractive to her anymore but because she loves you she's willing to overlook sex. You obviously shouldn't be only into looks, but it's unfair to expect someone to just look past it entirely.

That said it is weird that such a sentiment wasn't shared sooner, it feels like you lack communication. That kind of thing should have been brought up six months ago when she noticed the lower attraction. Also strange that her first impulse is to say ""it's okay we just won't have sex"" instead of ""if you lose some weight I would probably be more attracted to you again"", though maybe she didn't want to hurt your feelings.

If I was in your place, I would probably start working out and do whatever I can to stop stress eating as much as possible, but also like, have a serious discussion with her. If she does think you losing weight would help then that's probably a good sign, if she thinks it won't change anything then the people saying she's using you might be more right than I thought. You could also ask her to help you with it if she approves that.

I dunno I never want to assume the worst in these situations but it's obviously a possibility. She is dependent on you which doesn't help to make sure she's 100% honest, but people saying that because of that she's obviously using you, that I'm not sure I agree with.

Edit: also some people are out there leaving comments like ""she wants the benefits without the cost"" and it really feels like a toxic mentality, like giving him sexual gratification is her job and she must do it whether she wants it or not. Something is wrong in this situation but it's definitely not that ""she's not holding her end of the bargain"""
rel_31277822,relationship_advice,reddit_comment,270,,evaluativist,high,False,True,True,False,"This response clearly evaluates different approaches and provides specific reasoning for financial arrangements. The commenter offers detailed recommendations like 'allot a certain amount of monthly money to both of you that's the same, like 4k for her and 4k for you' and provides logical frameworks for decision-making. While acknowledging complexity and need for compromise, they consistently weigh options and explain why certain approaches might work better.","[""You might want to"", ""consider her contribution"", ""This is just an example"", ""it does require"", ""will require you two to align"", ""that is a very big misalignment""]","You are conflating two issues that should be handled separately.  There is her irresponsibility with money and the other issue is how to divide control of finances.  The division of control has many choices but consider her contribution to your household besides finances.  If she becomes a stay at home mom should she get 0 say with the budget?  That's not fair either.

For deciding on budgeting control,  You might want to allot a certain amount of monthly money to both of you that's the same, like 4k for her and 4k for you to spend on whatever you want.  The rest goes into an account to decide by both of you.  If you two can't agree on big purchases and the shared account reaches a threshold(e.g. 100k) then 50k of that goes into an investment account recommended by your financial planner so at least it's being used wisely and will result in more money down the road.
This is just an example.  Even though you two may not have the same attitudes on budgeting it does require you two to be mature adults who can compromise.  If that's not true then it should have been dealt with before marriage or counseling right now.

For the more difficult issue of what you perceive as her financial irresponsibility it will require you two align your future goals more.  If you are planning to achieve wealth that will last for generations and are thinking long term, but she is focused on enjoying her wealth now, that is a very big misalignment and will also require maturity and compromise from both of you."
rel_20827820,relationship_advice,reddit_comment,359,,evaluativist,high,False,True,True,False,"This response provides a clear evaluation that the couple should 'go separate ways now' with detailed reasoning based on the concept of 'right person at the wrong time.' The author uses their personal story as evidence to support their assessment and gives specific advice about focusing on personal growth. While acknowledging uncertainty ('maybe you reconnect later or maybe not'), they still make definitive judgments about what's better.","[""Its better for you guys to go separate ways now"", ""sometimes we meet the right person at the wrong time"", ""you are too young to settle"", ""Go out, be your own person"", ""seems like a creep, so stay away from him""]","I will tell you my story- met my gf first when I was 16 she was 17 in college, became close friends but I was always sure that I didnt want to date before being set up in my career, which was at least 6-7 years away, she was very sure that she didnt want to invest emotionally in anyone before being settled in her career, so she casually dated during college. We were very good friends and physical attraction was always there but we never acted on it. We passed out, she went to do her Masters in Economics, I did my MBA, we both still stayed in touch and both got very high paying jobs. 10 years after we first met, we both moved to the same city for our jobs. We met and she said maybe we should finally see if anything can happen between us, lol. Well, that was 6 years ago and we are still together and about to be married in July, if Covid permits, fml. About 6 months into our relationship we were talking as to what would have happened if we had started dating during college, would we still be together? And we both reached the conclusion that although we dont know the future, there was a 99% chance that we would have broken up at some point. 

Why I told you my story is to emphasize the point that sometimes we meet the right person at the wrong time, and it gets messed up. And thats what I see happening in your post, I am sorry. Its better for you guys to go separate ways now and maybe you reconnect later or maybe not.  But you are too young to settle for a familiar setting now. Go out, be your own person, put yourself first and then find someone to spend your life with. Maybe it will be him, or someone else.

PS- The 30 year old at the office seems like a creep, so stay away from him. I am 32 and theres no way a 30 year old has something in common with you. Stay away from him."
rel_33536091,relationship_advice,reddit_comment,212,,absolutist,high,False,False,False,False,"This is an automated moderator message that presents definitive rules and consequences with no room for interpretation or subjectivity. It uses absolute language like 'will result in,' 'All bans...are permanent,' and 'You don't get a free pass,' indicating certain knowledge about what is correct behavior and consequences.","[""will result in"", ""All bans in this subreddit are permanent"", ""You don't get a free pass"", ""We do not allow"", ""Any infractions of this rule will result in""]","Welcome to /r/relationship_advice. Please make sure you read our [rules here.](https://www.reddit.com/r/relationship_advice/wiki/index) We'd like to take this time to remind users that:

* We do not allow any type of [am I the asshole? or situations/content involving minors](https://www.reddit.com/r/relationship_advice/comments/r6w9uh/meta_am_i_overreacting_am_i_the_asshole_is_this/)

* Any sort of namecalling, insults,etc will result in the comment being removed and the user being banned.

* No referencing hateful subreddits and/or their rhetoric. (Includes, but is not limited to: red/blue/black/purplepill, FDS, MGTOW, etc.) Any infractions of this rule will result in a ban.  **This is not an all-inclusive list.**

* All bans in this subreddit are permanent. You don't get a free pass.

* What we cannot give advice on: rants, unsolicited advice, medical conditions/advice, mental illness, letters to an ex, ""body counts"" or number of sexual partners, legal problems, financial problems, or situations involving minors and/or abuse (violence, sexual, emotional etc). All of these will be removed and locked. **This is not an all-inclusive list.**

If you have any questions, please send us a modmail.

----

#This is an automatic comment that appears on all posts. This comment does not necessarily mean your post violates any rules.


*I am a bot, and this action was performed automatically. Please [contact the moderators of this subreddit](/message/compose/?to=/r/relationship_advice) if you have any questions or concerns.*"
rel_21102958,relationship_advice,reddit_comment,351,,absolutist,high,False,True,True,False,"This response provides an extremely definitive directive ('you need to divorce her') with absolute certainty about the outcome. The author presents their perspective as unquestionably correct, using language like 'cold hard truth' and 'these people are evil' that shows no acknowledgment of uncertainty or alternative viewpoints.","[""you need to divorce her"", ""cold hard truth"", ""she never will be again"", ""these people are evil"", ""run now"", ""literally right now"", ""escape before it's too late""]","Well you've asked this question on an incredibly woke subreddit so I wouldn't be surprised if most people here tell you to suck it up. The cold hard truth of the matter is that you need to divorce her. She has been indoctrinated by the cult of woke, she is no longer the woman you married and she never will be again. Is she really worth listening to that nonsense all day every day? Remember she's getting steadily fatter, whilst refusing to do anything about it, it‚Äôs only a matter of time before she shaves her hair off and dyes her scalp pink. Then you get to spend the rest of your life with Ursula the sea Queen, a vile mass of saturated fat, hatred and foul body odour, who will lecture you every single day until you submit and get absorbed into the cult, or you top yourself. 

Victims of wokeness always become truly terrible, bitter, disgusting people, right now resentment is welling in her heart for you because you are a male, and if you're white, even more so, because to them you are the enemy. She will become even more domineering, she will try to control and subjugate you to show how much of a strong women she is; she will completely let herself go physically, she'll become morbidly obese, she'll stop shaving ''shaving is just a societal construct designed by the patriarchy to oppress women'' she'll stop showering . 

And god forbid you ever have children with her. She will spend their formative years brainwashing them to be trans then get them on untested, potentially dangerous hormone blockers that fuck up their puberty and give them lifelong incurable depression, just so she can look virtuous to her woke friends.

 Man I hope the picture I've painted here is vivid enough for you but this is your future if you stay with her, these people are evil, if I was you I'd run now, I mean literally right now, run out the house, send a friend back for your stuff, file for divorce, escape before it‚Äôs too late."
rel_1830026,relationship_advice,reddit_comment,250,,evaluativist,high,False,True,True,False,"This response provides a clear evaluation of their relationship approach, acknowledging both benefits ('we trust each other insanely much') and significant drawbacks ('this has caused some major issues', 'there's no substitute for communication', 'something's wrong'). The author weighs the evidence and concludes their approach is problematic despite working temporarily, showing evaluativist reasoning rather than treating all relationship styles as equally valid.","[""this has caused some major issues"", ""there's no substitute for communication"", ""It's not ideal by any stretch"", ""something's wrong"", ""It doesn't quite feel....right""]","I don't open up to anyone.  And I don't drink, either, so I'm never in a position where my inhibitions are lowered which would make me want to talk.  I have a lot of deep things that I don't tell anyone, including my SO.

But he never asks me about them so I feel okay not talking about them.

We have a sort of relationship where we completely respect each other's privacy.  He'll tell me stuff if he wants to and if he doesn't want, then I'm okay with that.  And if I don't want to talk about something then I don't and he doesn't force me to.

I'm not going to lie - this has caused some major issues.  We trust each other insanely much but there's no substitute for communication in a relationship.  The only reason this has managed to work thus far is that neither of us is lying to the other person.

We both have completely separate lives outside of our house and, more often than not, I have no idea what he's doing on any given day.  He also has no idea what I'm doing.

It's not ideal by any stretch but somehow it works okay for us.  If I were to ask about what he's doing he'd tell me and if he were to ask about what I'm doing, I'd tell him.  It's not like we're keeping secrets.

But something's wrong.  It doesn't quite feel....right.  But yeah, you can have this sort of relationship."
rel_35751516,relationship_advice,reddit_comment,253,,absolutist,high,False,True,True,False,"This response provides definitive directives throughout with no acknowledgment of uncertainty or alternative approaches. The commenter uses imperative language like 'you need to admit', 'you need her to come', and presents their assessment as fact ('it is in large part your fault'). There's no hedging, no consideration of other perspectives, and the advice is presented as the clearly correct path forward.","[""you need to admit"", ""it is in large part your fault"", ""you need to"", ""Step one"", ""Step two"", ""This doesn't all need to be"", ""You can text her and call her""]","Have you considered asking your daughter about herself? Like what has she been up to? What tv shows has she been enjoying? Does she like her job? What is her favorite restaurant? What has she been doing to relax/take care of herself lately?

If you call her or message her and it‚Äôs all about her little sister, of course she doesn‚Äôt think you give an actual shit about her. You were an absent-to-neglectful parent and you only message her about the child you do actually show up for.

At this point, if you want to have a relationship with your older daughter, you need to admit to yourself that you are basically strangers and that it is in large part your fault. I understand you had rougher circumstances that complicated things. But an honest apology that doesn‚Äôt get followed up with excuses is step one. Step two is actually express real and honest interest in your daughter and who learning who she has grown into.

This doesn‚Äôt all need to be in person. You don‚Äôt need her to come to your house and sleep in an office for weeks at a time to get to know her. You can text her and call her and talk about literally anything as long as it is not 1. Her sister 2. Making excuses for why you did a shit job with her 3. You acting like she‚Äôs going on a malicious personal attack when she talks about the hurt from how you brought her up."
rel_17525272,relationship_advice,reddit_comment,115,,absolutist,high,False,True,True,False,"This response gives a clear, definitive directive ('You should have an honest conversation') without acknowledging uncertainty or alternative approaches. The advice is presented as the obvious correct course of action, with specific instructions on what to say and how to handle the situation, characteristic of absolutist reasoning that assumes one right answer.","[""You should"", ""Tell him"", ""Say that you would like"", ""give him the opportunity"", ""I'm sure""]","You should have an honest conversation with him when you both are calm and there's no stress. Tell him that you're concerned about what he  said the other day, how it made you feel. Say that you would like for both of  you to be in a happy relationship where you each love and support each other and there's no hate. It's likely that he didn't mean it, and it just came out unintentionally, like how people always say ""oh I hate this"" when they mean theyre mildly inconvenienced at that moment. I'm sure it was a hurtful thing to hear, but give him the opportunity to explain himself and see how  you feel afterwards."
rel_25793139,relationship_advice,reddit_comment,115,,evaluativist,high,False,True,True,False,"This response shows clear evaluation by expressing willingness to try a suggested approach ('I could try this approach') and providing reasoning for why it seems worthwhile ('your approach seems something worth trying'). The author evaluates their current situation, identifies problems with their cycle, and concludes that the suggested alternative has merit based on their analysis.","[""I could try this approach"", ""your approach seems something worth trying"", ""how can I better convey""]","I could try this approach. 

My thought process usually goes like "" not motivation for sex for few days-&gt;I am okay to have sex today-&gt; now that we had sex, he would need more tmrw too but I don't think I can muster it-&gt; get discouraged by thinking I am not enough-&gt; not feeling sexy -&gt; no motivation for sex "" and the cycle repeats. 

Its been very stressful for me and I don't really talk about it any more that much cz it just turns into another fight. 

But your approach seems something worth trying - how can I better convey I want sex and which way of initiation would be good for me."
rel_20453667,relationship_advice,reddit_comment,155,,absolutist,high,False,True,True,False,The response makes definitive claims about relationships and sex without acknowledging uncertainty or alternative viewpoints. It states categorically that 'in a functioning relationship sex is so low on the list of priorities that it barely ranks and could never be a dealbreaker' and 'I can't see why it should prevent a happy and healthy relationship.' These are presented as universal truths rather than personal opinions or one perspective among many.,"[""could never be a dealbreaker"", ""I can't see why it should prevent"", ""in a functioning relationship"", ""absolutely"", ""not at all""]","In a functioning relationship sex is so low on the list of priorities that it barely ranks and could never be a dealbreaker (though it is often given as a scapegoat reason for an otherwise failed relationship). When I got together with my wife we were very sexual, often it was me that couldn‚Äôt keep up. 3 kids later and she is almost completely uninterested in sex ( understandably). Would I jump at the chance? Absolutely. Do I expect it or is it even an issue? Not at all. 
There is likely to be a smaller pool of people who are able to see past no penetration initially, but I can‚Äôt see why it should prevent a happy and healthy relationship.
Edit, added info. Please seek help and therapy to ensure you are as good as you can be. It doesn‚Äôt need you to be interested in penetration, but please look after your mental health."
rel_4574263,relationship_advice,reddit_comment,255,,evaluativist,high,False,True,True,True,"This response provides clear evaluative assessments with detailed reasoning. The author identifies 'red flags,' calls the demand 'probably a relationship killer,' and provides specific conditions for the relationship continuing ('two extremely necessary talks'). While ending with deference ('whatever you decide'), this comes after extensive evaluation and advice.","[""red flags"", ""probably a relationship killer imo"", ""extremely concerning"", ""extremely necessary talks"", ""Good luck with whatever you decide"", ""almost anything can be worked out if both parties want to work it out""]","As someone who just recently got married so the whole transition from dating to marriage is still very fresh, I'd say this is probably a couple of red flags. 

I'll say this though, I'd wait to see if the demand was a knee jerk reaction. If she holds to that, that's probably a relationship killer imo. If she doesn't and she cools off, I could see the relationship continuing for sure but with two extremely necessary talks happening first. 

First, there has to be a talk about privacy. That's extremely concerning that she is snooping like that. There obviously shouldn't be secrets in relationships, but at the same time, what if you need to hide a gift for them? It's also less about secret keeping and more about trust. In a long term relationship both partners have to be able to trust each other. Her snooping says she doesn't trust you. Even if you trust her and love her to death, you can't keep a relationship going if she doesn't trust you (whether justified or not). 

Second, there needs to be a talk about ""demands and threats."" I don't think much more needs to be explained there. It should be very clear that those aren't healthy relationship actions. 

Good luck with whatever you decide in the end, and keep in mind, almost anything can be worked out if both parties want to work it out in earnest. In order to do so however, they must actually be worked out instead of swept under the rug. "
rel_22314899,relationship_advice,reddit_comment,107,,absolutist,high,False,True,True,False,"The commenter makes definitive factual claims with certainty ('this was likely another fake', 'The math doesn't check out') and provides concrete evidence to support their position. They also make clear moral judgments ('that's fucked and that guy is an asshole') without hedging or uncertainty. This demonstrates absolutist thinking - presenting conclusions as definitively correct based on their analysis.","[""this was likely another fake"", ""The math doesn't check out"", ""that's fucked"", ""that guy is an asshole"", ""you can't force people""]","If this is real... The last time somebody posted this same story it turned out to be false narrative trying to paint GME in a bad light. Now they are doing it through a TA account so nothing can be verified. 

If it is true, that's fucked and that guy is an asshole. To all the Apes supporting the bf with ""To the Moon!"" An investment is a choice. Even when we are proven right you can't force people into this decision.

Edit: so this was likely another fake. The math doesn't check out. The last time 50 shares of GME went for ¬£8000 was March 15th."
rel_7373665,relationship_advice,reddit_comment,101,,evaluativist,high,False,True,True,False,This response shows clear evaluative thinking by expressing a preference for a specific course of action ('This may be a good idea. I'll have to read up on some stuff... I'll work on this I think'). The author weighs the suggestion against their situation and provides reasoning for why it could work (addressing the partner's dislike of walking by keeping her occupied with flora/fauna information). There's no deference or multiplist language present.,"[""This may be a good idea"", ""I'll have to"", ""I'll work on this I think"", ""I've been wanting to""]",She hates walking a lot. I‚Äôm still hoping my love for nature will rub off on her. This may be a good idea. I‚Äôll have to read up on some stuff for the surrounding flora and fauna to keep her occupied tho. Thank you. I‚Äôll work on this I think. I‚Äôve been wanting to take my girls on a road trip for a few weeks. Rent an Rv and hit up a few National Park with main attraction being Grand Canyon and then go up north to Banff in Alberta. But that‚Äôs more of a bucket list for me lol n
rel_27878671,relationship_advice,reddit_comment,104,,evaluativist,high,False,True,True,False,"The commenter provides clear evaluative advice by directing the poster to examine why they feel this way and strongly recommending talking with their partner instead of forcing themselves to have sex. They give reasoning for this advice ('he wants you to also enjoy it, and wouldn't want you to feel obligated'). While they express some uncertainty about giving more specific advice without details, this is about needing more information rather than refusing to evaluate.","[""I don't think the issue is"", ""it might be important to"", ""instead of forcing yourself"", ""without more details i hesitate to say more""]","

I don't think the issue is figuring out how to reignite your desire for him, but about being honest with yourself about *why* you feel that way. is it hormones or something else? regardless, it might be important to talk with him about this instead of forcing yourself to have sex - I assume he wants you to also enjoy it, and wouldn't want you to feel 'obligated.'

without more details i hesitate to say more. 

hopefully others will be able to offer better insight if you can elaborate on some stuff. regardless, sending good vibes your way and a reminder to love yourself."
rel_19598266,relationship_advice,reddit_comment,118,,absolutist,high,False,True,True,False,"This response gives a definitive directive ('Cut off the cheater') with no uncertainty or acknowledgment that there might be other valid perspectives. The language is extremely categorical, calling the partner a 'trashy pig' and stating definitively what the person 'needs to remember' and what 'doesn't deserve a moment more of your time.' There is zero consideration that staying or working things out could be a reasonable option.","[""Cut off the cheater"", ""you need to remember"", ""trashy pig"", ""doesn't deserve a moment more of your time"", ""the only way you can move on""]","Cut off the cheater.    

You're young, and I understand the urge to sacrifice your own wellbeing in order to help her. Love can make you stupid like that. But you need to remember that you are the main character of your story.   

The main character doesn't light himself on fire to keep this trashy pig warm.   

Loving someone that doesn't respect you is a recipe for disaster, and the only way you can move on from her is by cutting her off and giving yourself time to recover from this wound. The longer you drag your feet, the more of your precious youth you will waste on a person that doesn't deserve a moment more of your time."
rel_4687035,relationship_advice,reddit_comment,258,,absolutist,high,False,True,True,False,"This response makes definitive claims about the situation ('you just have to admit that she loves you but she is not in love with you') and provides directive advice with certainty ('Back off, stop being as available'). The commenter presents their interpretation as fact and gives specific behavioral prescriptions without acknowledging uncertainty or alternative perspectives.","[""you just have to admit"", ""If she liked you, she would have"", ""So that's my advice"", ""Stop asking her out"", ""don't settle for her""]","Firstly, you just have to admit that she loves you but she is not in love with you. The person you portray is like a good friend but not a boyfriend image. If she liked you, she would have pursued you to the ends of the earth. 

If you want her to come around you have to put yourself in her shoes. How would you feel if a girl did what you did? She told you she liked you but you don't quite feel the same way. She talks often about being a couple when you aren't even sure you like her, but she is a nice girl! I'm sure you would want her to back off a bit. If you saw her having fun, being happy then it would give you time to realize her personality. One night you try to message her but she doesn't respond. Instead she is out, having a good time, looking sexy af with her friends, and she's posted pics on her social media having a good time. Dam, suddenly you like her! So that's my advice. Back off, stop being as available.  Go out and have fun with your friends. Stop asking her out, if she wants to hang out she can ask as well. Let her miss you. In the mean time, just remember that she isn't your world. You are free to date whomever you want so don't settle for her. When you do talk to her, make her laugh, tease her but talk about your life as well. "
rel_38434205,relationship_advice,reddit_comment,131,,absolutist,high,False,True,True,False,"This is an automated moderation message that gives definitive directives about what the user 'must' do and what posts 'must' include. It states rules as absolute requirements without any acknowledgment of subjectivity or alternative approaches, using language like 'Posts must:' and 'Please resubmit with a corrected title.'","[""Posts must:"", ""Please resubmit"", ""was removed"", ""corrected title""]","
Hello /u/leahpayton22,

Your [post](https://www.reddit.com/r/relationship_advice/comments/10lzuf0/my_friend_f19_in_college_is_making_fun_of_me/) was removed for the following reason(s):

**Your title did not include at least two ages/genders or was not formatted correctly**

Posts must: 

1. include details about the involved parties including ages, genders, and length of relationship, and

2. request advice in real situations involving two or more people

The ages and genders can go anywhere in your title, but have to be in one of the following formats:

`44M` `35 F` `23-NB` or `M44` `F 35` `NB-23`

The automod rule can process the genders M, F, T, A, NB, FTM, and MTF but more can be added.

Please resubmit with a corrected title.


*I am a bot, and this action was performed automatically. Please [contact the moderators of this subreddit](/message/compose/?to=/r/relationship_advice) if you have any questions or concerns.*"
rel_30614029,relationship_advice,reddit_comment,379,,evaluativist,high,False,True,True,False,"This response provides clear evaluative judgments and specific recommendations throughout. The author gives definitive advice like 'you both need to be more clear and appropriate in your communication' and 'He should have made clear he was going to play a new game.' They evaluate the boyfriend's behavior against their own experiences and provide reasoned recommendations for improvement, including specific communication strategies and coping mechanisms.","[""you both need to"", ""He should have"", ""I would recommend"", ""please just be aware"", ""If you have any hobbies"", ""Ask your bf if this is the case""]","I think you both need to be more clear and appropriate in your communication. He should have mad with clear he was going to play a new game when y'all got home, that way at least you can entertain yourself with feeling awkward or like you're just sitting there doing nothing. And you need to verbally state ""I would like some affection before I go to sleep"". 

I haven't seen this mentioned, so I'll leave this here; the leap in maturity from 19 to 22 is large. This is your first relationship, and I can relate. My first relationship was when I was 17 with a 21 year old. He would play games for HOURS, without notice to me. It only worked for so long because I am also a gamer, and would entertain myself. However, with him being so much more of an adult than me, he needed to be the adultier adult and communicate better. He didn't. By the time I broke up with him (21/25), I was sick of how infantile he was in the relationship. No communication, no regard for my needs, and if I communicated properly, he acted like a child. I don't think your bf is acting as mine did, but please just be aware of the differences. He should be a bit more involved and aware, and if he can't be, needs to work on his communication.

ALSO. I would recommend you just kinda settle in for a while. Both my ex and my husband are SoulsBourneSekiro fans, and I'm fully expecting my husband to shut down and out once he gets Elden Ring LOL. I knew exactly what game he was playing when you started your post!! 

Quick aside; forgot to add this above. If you have any hobbies or crafts you could do while he plays, do it. My husband will get lost in games for hours, and sometimes he doesn't want to directly engage with me, but wants me around. Ask your bf if this is the case, and let him know you don't mind if that's the case, but you still need to be checked in on periodically and need affection. I had that talk with my hubby the first time and it's been smooth sailing since (:"
rel_25352269,relationship_advice,reddit_comment,431,,evaluativist,high,False,True,True,True,"This response provides clear evaluation and reasoning throughout. The commenter assesses that the boyfriend 'doesn't respect' the OP's position, judges his behavior as 'inexcusable,' and provides specific advice like talking to a relationship therapist and standing up for herself. While ending with 'Hope everything works out for you, whatever way it goes,' this deference comes after extensive evaluation and concrete recommendations.","[""doesn't respect"", ""inexcusable imo"", ""I'd think about talking to a relationship therapist"", ""you deserve respect"", ""Hope everything works out for you, whatever way it goes""]","I agree with you when it comes to career differences being the problem. It sounds like he doesn't respect where you are at in your career decision making position. 

Were you with each other when he was where you are at? It's possible he didn't have what you're going through mentally if he went into the job market strong. I know I didn't enter strong and as a 30 year old man now, I definitely beat myself up for 4 years after graduating college and figuring out what I wanted to do. It sounds like he doesn't understand where you mentally are right now and isn't able to show empathy for it. If he's attacking you as a person rather than critiquing your formative decisions about your career, that's inexcusable imo. Even if he was criticizing your decisions, he should be offering tips either on how he decided his plans or help your planning process. For examples, write down your strength and weaknesses, what you enjoy to do, how you enjoy doing things in general, etc. Then compare them to job descriptions and see what sounds enjoyable.


 He might have also become comfortable to his position as the bread winner of the relationship (for now) and is on a bit of a power trip in terms of his ability to financially control things. I'd think about talking to a relationship therapist if what I'm saying is close to what you think is going on after reading this. 

I'm only 6 months into my current relationship and earn a little more than my girlfriend but it doesn't effect how we talk, argue, or think about each other. We already understand that we're serious and it's not about ""me"" it's already about ""us"". It's our income, our earnings, our happiness, etc. 

The rest is all theory so please ignore if I'm off: It's scary to think about but I would be as confident about your life and goals as he is about his position. I am picturing too many apologies being thrown his direction. Too much nervous body language that he could be seeing and taking advantage of. Put your arms on your hips, stand up straight more, and say you believe in yourself and that even though he earns more than you, you deserve respect anyways. Especially since you're his significant other. Personally, I respect the shit out of my girlfriend and consider her stronger than me but that we're a team and help each other when and where we need it.


Hope everything works out for you, whatever way it goes"
rel_20148198,relationship_advice,reddit_comment,200,,absolutist,high,False,True,True,False,"This response provides a series of definitive directives using imperative language throughout: 'you and your wife should sit down', 'communicate with her', 'tell her that you need', 'suggest that she initiate it', 'i would suggest giving up sex for a month'. The advice is presented as the clear correct approach with no acknowledgment of uncertainty or alternative valid approaches.","[""you and your wife should"", ""i would seriously"", ""communicate with her"", ""tell her"", ""suggest that"", ""i would suggest"", ""she needs to understand""]","you and your wife should sit down and look up ‚ÄúLove Languages‚Äù together. it‚Äôs how people feel loved the most. there‚Äôs 7 (i think?) different types, it‚Äôs sort of like a personality type. it sounds like your love language is physical touch. i would seriously look this up with your wife and read through it. there are PLENTY of resources out there on what to do if your love language does not match up with your partners. 

communicate with her. tell her that you need physical touch and you‚Äôre feeling unloved. tell her it has nothing to do with sex. suggest that she initiate it, so that she doesn‚Äôt feel caught off guard given her past trauma. suggest small changes, like holding hands while watching tv or having her feet up on your lap on the couch. start small. if all she thinks you want is sex then honestly i would suggest giving up sex for a month to show her you‚Äôre serious. tell her you‚Äôre not going to have sex for a month and are serious about the other acts of affection. she needs to understand that this is really important to you and that you are feeling unloved"
rel_30029888,relationship_advice,reddit_comment,132,,error,low,False,,,,API error: Extra data: line 11 column 1 (char 702),[],"Thanks for the comment. Additional details for grocery splitting context:

We typically tell each other when we go to the store and what for. If someone buys something they didn‚Äôt previously say they were buying the expectation is they pay for it themselves (usually these other items are for the person buying, i.e I‚Äôll pick up some almonds or kale and pay for them myself because she doesn‚Äôt eat either).

On any food related items we share, she has us doing she pays 1/3 and i pay 2/3 because she says i eat more of it than she does (which for the most part is true, she hardly eats much).

Financial context: She makes ~20k gross income more than me a year and lives with me in my house (which I own)."
rel_29546516,relationship_advice,reddit_comment,123,,absolutist,high,False,True,True,False,The commenter presents a definitive rule as universal truth: 'Never give anyone money if you couldn't afford to just make it a gift.' This is stated as an absolute principle without acknowledgment of situational complexity or alternative approaches. The entire response treats this financial strategy as the obviously correct approach.,"[""Never give anyone money"", ""as a rule of thumb"", ""I honestly wouldn't care"", ""So in my mind it's a gift""]","I was going to say this!

Very rarely I will agree to ""loan"" money to friends or family, but I try to restrict the amount to something small enough I honestly wouldn't care if I got it back or not.  So in my mind it's a gift, but the other person can repay it if that makes them feel better about it.

I would still be upset if I asked for the money back, or asked for help in return, and someone said ""well you don't really need it"".  It's upsetting to think that the help or assistance only goes one way.  But yes, as a rule of thumb... Never give anyone money if you couldn't afford to just make it a gift."
rel_1055741,relationship_advice,reddit_comment,285,,evaluativist,high,False,True,True,False,"This response provides clear evaluative judgments with detailed reasoning. The commenter evaluates the boyfriend's 'let's see what happens' response as 'the most level headed thing he could say' and his slowing down as 'very, very healthy.' They provide extensive reasoning about relationship dynamics, NRE, and compatibility. The final directive to 'communicate with him' shows they're making a judgment about what action would be best.","[""most level headed thing he could say"", ""This is very, very healthy"", ""the relationship mantra"", ""Communicate with him"", ""you are going to have a self-fulfilling set of events""]","Let me make sure I have this straight.  You had bf #1 for a bit, then you had bf #2 for a shorter bit and now you have bf #3 for 8-ish months.   And you told #3 about #1 and not #2.  #3 starting talking about marriage and kids 8 weeks into the relationship.  And you think that means he really loves you. After he discovered there was a #2, he has started treating you differently and has stopped talking about marriage.  And you think that means something dire.

Have I got that right?

The ""lets see what happens"" is the most level headed thing he could say.  Neither of you knows who the other person is in this short a time.  Too things are going on for both of you:  1. You each are trying to be the person the other one wants.  Normal, healthy biology.  Nothing wrong with that.  It feels really good.  I love new relationship energy (NRE).  2. You each have a fantasy picture of who the other person is and it is that fantasy that is ""perfect"".  Also normal, healthy biology.

It seems like he discovered something that didn't line up with his fantasy picture of you and is slowing things down.  This is very, very healthy.  New relationship energy wears off.  This is why so many relationships and marriages end in 2-3 years.  After NRE wears off you start seeing who the other person really is and all the ways in which you are not compatible for a long relationship.

And as always, the relationship mantra.  Communicate with him.  If you are keeping your worries and concerns to yourself, you are going to have a self-fulfilling set of events.  "
rel_19594685,relationship_advice,reddit_comment,100,,absolutist,high,False,True,True,False,"This response gives definitive directives without acknowledging uncertainty or alternative perspectives. The author uses imperative commands like 'try the real world', 'stay off social media', 'start sports', 'read', 'get creative', and 'stay tough' - presenting these as the correct actions to take. There's no consideration that different approaches might work for different people or situations.","[""try the real world"", ""stay off social media"", ""start sports"", ""stay tough"", ""good for you to stay true to yourself""]","try the real world and real people. stay off social media for a while start sports. 

I know covid is a bitch right now, and loads of people feel lonely (or more than before) right now (as do I) but being alone is not the end of the world. read, get creative (as in creative hobbies)... once the restrictions ease up, go out and explore the world and see what other normal people do when they have free time. 

stay tough and good luck.

&amp;#x200B;

ps: good for you to stay true to yourself. nobody needs leeches and fake friends."
rel_33175634,relationship_advice,reddit_comment,190,,absolutist,high,False,False,False,False,"This is an automated moderation message that presents subreddit rules as definitive, non-negotiable directives using absolute language like 'We do not allow,' 'will result in,' and 'All bans...are permanent.' It provides no acknowledgment of subjective interpretation or room for discussion - the rules are presented as certain knowledge with clear right/wrong boundaries.","[""We do not allow"", ""will result in"", ""All bans...are permanent"", ""You don't get a free pass"", ""This is not an all-inclusive list""]","Welcome to /r/relationship_advice. Please make sure you read our [rules here.](https://www.reddit.com/r/relationship_advice/wiki/index) We'd like to take this time to remind users that:

* We do not allow any type of [am I the asshole? or situations/content involving minors](https://www.reddit.com/r/relationship_advice/comments/r6w9uh/meta_am_i_overreacting_am_i_the_asshole_is_this/)

* Any sort of namecalling, insults,etc will result in the comment being removed and the user being banned.

* No referencing hateful subreddits and/or their rhetoric. (Includes, but is not limited to: red/blue/black/purplepill, FDS, MGTOW, etc.) Any infractions of this rule will result in a ban.  **This is not an all-inclusive list.**

* All bans in this subreddit are permanent. You don't get a free pass.

* What we cannot give advice on: rants, unsolicited advice, medical conditions/advice, mental illness, letters to an ex, ""body counts"" or number of sexual partners, legal problems, financial problems, or situations involving minors and/or abuse (violence, sexual, emotional etc). All of these will be removed and locked. **This is not an all-inclusive list.**

If you have any questions, please send us a modmail.


*I am a bot, and this action was performed automatically. Please [contact the moderators of this subreddit](/message/compose/?to=/r/relationship_advice) if you have any questions or concerns.*"
rel_15412494,relationship_advice,reddit_comment,240,,evaluativist,high,False,True,True,False,"This text is primarily a personal narrative sharing the author's experience rather than giving advice. The author provides detailed reasoning and context to justify their past actions and current situation ('I wasn't that much older', 'We were legally separated almost immediately', 'He was an abusive sociopath'). While not explicitly giving advice, the evaluativist stance emerges through the detailed justification of their choices and the weighing of different factors in their relationship situation.","[""I completely understood"", ""to be fair"", ""It just really is a bummer"", ""7 years is a long time""]","He was 20, turning 21, I was. 24 turning 25. I wasn't that much older. And like I said. I completely understood her hesitance when we were even just friends. I completely understood her hesitation even a year later when I was no longer living with my ex. Or even 6 months later when he moved in another girl and it was abundantly clear we weren't together anyone. We were legally seperated almost immediately. And divorced as soon as I could afford it. He wasnt exactly cooperative.  He was an abusive sociopath who would later go to prison for holding a gun to some poor girls head. 

My SO has delt with and come to terms with her behavior but he wants to at least be civil enough to have a relationship with his brother and apparently his mom wasnt like this before. But, to be fair. He didnt give her much opportunity. He only had 2 relationships before me. Both didn't last more than 6 months. Their living situation made it pretty hard to date. They were pretty poor and he shared a room with his brother all of his life and often, their mom slept in the livingroom. So there wasnt much privacy within the home. 

It just really is a bummer to go from both of use having heavy family interactions to my family being remote and her just getting worse. 7 years is a long time."
rel_36184912,relationship_advice,reddit_comment,366,,absolutist,high,False,True,True,False,"This response makes definitive, certain judgments about Maria's character and motivations with no acknowledgment of uncertainty or alternative interpretations. The author states categorically that 'Maria sucks,' calls her 'a manipulator,' and claims to know her true nature 'just at a glance.' There's no hedging, qualification, or consideration that their assessment might be wrong.","[""Maria sucks lol"", ""She's a manipulator"", ""I can tell just at a glance"", ""she's a terrible person"", ""definitely got them fooled"", ""she's certainly playing them""]","Well there's the possible explanation of cultural influence for them seeing her as vulnerable and whatnot, but there's also the possibility Maria is just a conniving people player. From what OP has mentioned, she doesn't take responsibility for her actions, OP's wife has a very kind and compassionate personality that's led to this sort of doormat situation, and Pat sounds to have avoidance issues, which all gather up to mean regardless of cultural influence, Maria sucks lol. She's a manipulator, and I can tell just at a glance because I have an ex who played the same crap on me off and on for four years before I cottoned on and cut her out of my life permanently.

People like Maria are *always* the victim, and anyone who causes them mild discomfort or point out their true shitty self are *always* the abusers. In this scenario, Pat has been with her for so long, he's too entrenched to realize she's a terrible person, but she still has her claws in him so he isn't such a bad guy... *Yet*. But you'll notice OP mentions that Pat wasn't doing so great at the whole taking care of the home and kids, cleaning and whatnot, well. I think I'd be behind on that too if my partner of several decades was acting shady and turned out to be cheating on me as well. The person being cheated on can always tell, even if only subconsciously, and this is a very common blaming tactic cheaters use to give reasons for why they cheated. So, small smear campaign definitely in progress here.

If Maria was remorseful, truly, she'd realize she's disrupting her husband's family, she'd realize that she's causing OP's household strain, and she'd figure out some way to solve that. Given that Pat and OP's wife are fighting so hard for Maria to stay put, yeah, she's definitely got them fooled into thinking she's little miss sweet and innocent who just made a terrible mistake. -eyeroll- For the sake of OP's sanity, I hope they can get their wife and Pat to open their eyes and cut Maria out of their lives, because she's certainly playing them pretty well."
rel_19451020,relationship_advice,reddit_comment,102,,absolutist,high,False,False,False,False,"This is not advice at all, but rather a factual update about the poster's marriage ending. The author presents the situation with certainty and finality using definitive statements like 'it's over,' 'She wants a divorce,' and 'no amount of bargaining or fixing will save our marriage.' There is no uncertainty, no weighing of options, and no advice-giving - just absolute statements about what has happened and what will happen.","[""it's over"", ""She wants a divorce"", ""no amount of bargaining or fixing will save our marriage"", ""She's going to the Courthouse mon to file""]","This post has reached one of our comment/karma limits. The text of the post has been preserved below.

---

[Previous](https://old.reddit.com/r/relationship_advice/comments/kl7f2b/my_wife_29f_and_i_27m_had_our_first_major/_)

Well, it's over.   Her resentment towards me has reached it's natural endpoint.  She wants a divorce. Came home from work and her bags were in the car. She's leaving. She's going to the Courthouse mon to file for a divorce. 

She can't go on anymore. She hasn't been happy in this relation and she isn't going to try and fix it. She doesn't like me; she doesn't love me and no amount of bargaining or fixing will save our marriage. 

Sorry folks."
rel_15901180,relationship_advice,reddit_comment,238,,absolutist,high,False,True,True,False,This response provides a definitive directive ('I would stay the hell away from this one') with complete certainty about the situation. The commenter interprets the boyfriend's behavior as unambiguous red flags and presents their assessment as factual rather than as one possible interpretation among others.,"[""red flag"", ""I would maybe not entertain this much further"", ""This is also a red flag"", ""I would stay the hell away from this one"", ""Because"", ""That means""]","Ok...here‚Äôs my take.  

1.  Every time he says he wants a relationship, you should be equating that to a statement saying, ‚ÄúI want you to have sex exclusively with me‚Äù.   Because he keeps bringing that up and not respecting that you want to ease into things, that‚Äôs a red flag and I would maybe not entertain this much further. 

2.   Following up on that, the exclusive sex thing is the reason why he wants to know if you have guy friends.  He‚Äôs assuming that all men think about women the way he thinks about them.  That means any male friend of yours is also trying to have sex with you, which makes them a threat.  This is also a red flag and a sign that if this continues, you won‚Äôt be allowed to have male friends anymore.  He will probably also be super controlling of that, so be prepared to handle his paranoia with respect to that.  

3.   He doesn‚Äôt seem to view you as a peer, as someone to be respected.   If he did, he wouldn‚Äôt pressure you about how much time you‚Äôre going to need.  To him, because this is about sex, he doesn‚Äôt really need you to take time.  He doesn‚Äôt need to learn about you.  He just wants to have sex and to exercise control over you to ensure you only have sex with him.  

I would stay the hell away from this one."
rel_13778547,relationship_advice,reddit_comment,119,,absolutist,high,False,True,True,False,"The commenter makes definitive statements about what is correct without acknowledging uncertainty or alternative perspectives. They categorically state 'Your sister was incorrect' and assert definitively that the OP deserves happiness and should pursue dating. There's no hedging, uncertainty, or acknowledgment that there might be valid reasons for the sister's concern.","[""Your sister was incorrect"", ""I think it's great you want to date"", ""they don't diminish you deserving happiness"", ""you've had awful things happen around you but they're not because of you""]","First, so sorry about your losses, I can't imagine how hard that must be. I think it's great you want to date and see who else is out there. Your sister was incorrect in suggesting you can't find love again, and build a family, due to your past uncontrollable life situations and age. I'm in a similar situation (wanting to find someone trustworthy to settle down with, etc) (late 30s F) &amp; it's hard enough without having someone you're close to telling you not to bother.  


Good luck OP, I hope you find what you're looking for! And remember, you've had awful things happen around you but they're not because of you and they don't diminish you deserving happiness."
rel_27687287,relationship_advice,reddit_comment,109,,evaluativist,high,False,True,True,False,"This response provides clear evaluative guidance by recommending specific actions ('Sit down and talk to her', 'maybe talk to a specialist') and establishing conditional evaluations ('If you two don't agree... it could be time to end things'). While it acknowledges multiple possibilities for the situation, it weighs these possibilities and provides reasoned advice about how to proceed, which is characteristic of evaluativist thinking.","[""Sit down and talk to her"", ""it could be time to end things"", ""If you are willing to work with her"", ""maybe talk to a specialist"", ""they should be able to help""]","She might not enjoy it with you, she might be on the asexual spectrum. It's possible something happened that has affected her sex drive. That alone can be many different things. Sit down and talk to her. If you two don't agree on the sexual part of your relationship then it could be time to end things. If you are willing to work with her, and she with you, then it could go well or become a cycle of off and on sexual needs being met. If you are able to, maybe talk to a specialist, they should be able to help the two of you better than most."
rel_21028661,relationship_advice,reddit_comment,238,,absolutist,high,False,True,True,False,"This response gives definitive directives without acknowledging uncertainty or alternative valid perspectives. The commenter states 'Stop giving him money for weed' as a clear directive, diagnoses the boyfriend as 'using his anxiety and weed as a crutch to do nothing,' and provides specific solutions like 'he can be a door dash driver.' While they briefly acknowledge their anxiety might be different ('Not saying what I do is the end all and be all because his can be totally different'), this is quickly overshadowed by confident assertions about what the boyfriend should do.","[""Stop giving him money"", ""he should probably invest in another one"", ""it sounds like he is using his anxiety and weed as a crutch"", ""there's so many things he can do"", ""he can be a door dash driver""]","Stop giving him money for weed. I have social anxiety and I do just fine with work. I worked alone in an office for years. Got myself a sales job and forced myself out in the public and learned to talk to people. I found *my* anxiety was because I was shy and didn‚Äôt know how to talk to people (I still don‚Äôt well face to face let‚Äôs be real). Quit it because I hated it so much, but now work in a small office behind closed doors with 5 other people and talk on the phone all day for a car dealership. Not saying what I do is the end all and be all because his can be totally different than mine. But the weed isn‚Äôt helping him since he obviously hasn‚Äôt learned how to cope with the anxiety. And neither is his therapist he should probably invest in another one (and that‚Äôs ok I went through 3 before I found mine).

Honestly, I really hate saying this and really hope I‚Äôm wrong, but it sounds like he is using his anxiety and weed as a crutch to do nothing. Which if that‚Äôs the case be honest. I don‚Äôt like working either. But it‚Äôs not fair to you, and there‚Äôs so many things he can do alone that bring in extra cash and help. Hell he can be a door dash driver or Instacart driver. 

Good luck!!!"
rel_23266659,relationship_advice,reddit_comment,302,,absolutist,high,False,True,True,False,"This response provides extremely definitive directives with no acknowledgment of uncertainty or alternative perspectives. The author uses absolute language like 'You don't fucking dance around dealbreakers,' '100% a dealbreaker,' and 'we are done, immediately.' They present their advice as the only correct approach with phrases like 'If ALL of your boundaries are not vocalized... then you are dumb' and dismiss any nuance or complexity in the situation.","[""100% a dealbreaker"", ""You don't fucking dance around"", ""we are done, immediately"", ""you are dumb"", ""Never move a single inch"", ""DON'T PLAY THE GREY AREA"", ""clear lines"", ""bullshit lie"", ""fake boundary""]","Thats the place where you make it clear that any kind of physical contact that isn't consented to, is 100% a dealbreaker.  You don't fucking dance around dealbreakers.

If getting slapped in the face is a deal breaker you need to take a moment and next time you talk, make it very clear, ""Just so you know, and I know we were just joking around a bit before, but if you ever hit me, in any way, ever, we are done, immediately.""

DON'T PLAY THE GREY AREA/HYPOTHETICAL GAME, WITH PHYSICAL VIOLENCE.  You draw clear lines, remove the joking and at least 1 time, say to his face.  ""If you ever lay your hands on me and slap me, our relationship is over.""

Just make sure he acknowledges that it was said. 

I don't even think he actually is going to slap you around or anything, I think this was a dumbass conversation for a couple young humans in love just had while goofing around, but regardless, do not fuck around with boundaries.

If ALL of your boudaries are not vocalized to the other partner, with the consequence of the relationship being over if the lines are crossed, then you are dumb.

Also just for clarity sake as you are a young person getting into the whole adult relationship world.

Any boundarie or dealbreaker that does not have the implicit result in an immediate ending of the relationship, is a bullshit lie.  A fake boundary and a cowards bluff.  Never move a single inch on your dealbreakers.

Just communicate and judge his reaction and make it clear this isn't a grey zone, or a ""thought experiment"" its you telling him that if you ever were to get slapped it would be the last time you are touched by the person who slapped you."
rel_24995821,relationship_advice,reddit_comment,301,,evaluativist,high,True,True,True,True,"The response provides clear evaluation and reasoning for preferring caution in the living situation, citing specific concerns about legal vulnerability, power dynamics, and manipulation potential. While it ends with multiplist-sounding language about projection and individual differences, this comes AFTER substantial evaluation and advice-giving, making it evaluativist with deferential framing rather than true multiplist stance.","[""obviously"", ""that would be difficult"", ""I wouldn't see it as anything specific per se, but"", ""can be a safer bet"", ""But we're also not the same people"", ""I'm not saying that's necessarily what's best for you"", ""I'm fully aware I'm projecting""]","No problem!

Well obviously if you had a bad breakup and didn't have some kind of agreement outside of a verbal contract he could potentially kick you out without notice and potentially lay claim to furniture and such bought together. I'm not sure exactly of the laws and I'm sure it depends on where you are and such but that would be difficult on top of going through a breakup. 

But as far as while you're together I wouldn't see it as anything specific per se, but it will likely subconsciously weigh in on decisions you may make such as personalizations to the house, furniture, etc. Again, maybe I'm just being extra cautious as someone who has been manipulated in the past, but I feel like it can go from 'this person is not in any way manipulative and I know I can trust them' to 'this person owns/controls everything in my life' without even realizing it's happening. And for me at least, it started with reasonable-sounding decisions like this one. He may very well be a great person, but living together in a setting where you have equal legal control of the situation first could be helpful in knowing that for sure.

Even if you can't fully predict how it will weigh on things in the future, getting a solid foundation of a relationship before integrating things and adding power dynamics like that can be a safer bet I suppose. But we're also not the same people and I'm not saying that's necessarily what's best for you, either. I'm fully aware I'm projecting my own past onto this so it could be completely fine for your situation, but I thought it's still potentially helpful to weigh in with my experiences at least. For reference as well, I'm also a 26F."
rel_5612569,relationship_advice,reddit_comment,304,,evaluativist,high,False,True,True,False,"The commenter makes clear evaluative judgments about the situation, stating that the original poster has 'done your best to communicate' and that the parents' dislike 'just seems so unfair.' They also provide a definitive prescription that 'The balls totally in their court' and conclude with the normative statement that 'I just wish parents can let their children live their lives & not but in so much.' These are clear evaluations with reasoning, not neutral multiplist deference.","[""you've done your best"", ""that's all that you can do"", ""The balls totally in their court"", ""just seems so unfair"", ""I just wish parents can let their children live their lives""]","Yeah I understand totally where your coming from. When parents are involved it makes it really hard but you‚Äôve done your best to communicate with his mother &amp; that‚Äôs all that you can do. The balls totally in their court to at least hear you out &amp; maybe work on some sort of compromise.

In my case, ever since me &amp; my ex first got together (back in 2016. We‚Äôve been on/off for various reasons ever since), I‚Äôve always wanted him to be honest with his parents about us being friends or dating but he‚Äôs always kept us a secret (&amp; now I can understand why). Having never officially met his parents I‚Äôve never been able to tell them how much I care about their son so them disliking me (just because of our 9 year age difference with me being the older one) just seems so unfair on me &amp; their son.
Also recently (earlier this month), I found out that I was pregnant to my ex but because I‚Äôm not allowed to contact him outside of work &amp; it‚Äôs not something you discuss with someone at work, I haven‚Äôt been able to tell him that I was pregnant &amp; that because of his parents attitude towards me &amp; not allowing us to be together that I decided to terminate the pregnancy a week after find out. I feel so guilty about keeping that all a secret from him (although I‚Äôve told 4 people at our workplace the news) &amp; I know he‚Äôll be angry with me but I had no other choice but I really want to tell him as he does deserve to know.

I just wish parents can let their children live their lives &amp; not but in so much. Life for all parties concerned would be so much easier."
rel_25667772,relationship_advice,reddit_comment,174,,evaluativist,high,True,True,True,True,"This response provides clear evaluation and reasoning throughout. It defends the trans woman's actions ('She was waiting until she knew how you would react'), explains why her behavior was reasonable given safety concerns, and guides the person through a specific evaluative framework with pointed questions. While it ends with 'there's no right or wrong,' this comes after extensive evaluation and is immediately followed by directive advice ('be honest with yourself and end things if...').","[""She was waiting until she knew how you would react"", ""The world is super dangerous for trans people"", ""I think it's important to ask yourself"", ""there's no right or wrong"", ""Just be honest with yourself and end things if""]","Jesus. It's been three weeks. That's barely any time at all. When was she supposed to share her medical history with you? The minute she met you? She was waiting until she knew how you would react. The world is super dangerous for trans people. If she'd told you immediately, she was risking you being the type of person who would attack her.

There is nothing wrong with wanting to remain friends now that you know. But I think it's important to ask yourself some questions about your relationship with her:


If she was cis, would you want her to be your girlfriend?
Now that you know she's trans, how does that change her as a person?
What is it that's turning you off?
Why is that turning you off? 
Ultimately, what matters more--her as a person, or what's in her knickers?

These questions are all personal to you, and there's no right or wrong. Just be honest with yourself and end things if her being trans is really and deal breaker for you."
rel_1739014,relationship_advice,reddit_comment,292,,evaluativist,high,False,True,True,True,This response clearly evaluates the situation and provides a specific recommendation with detailed reasoning. The commenter assesses that the boyfriend is 'taking it to an unhealthy level' and recommends a particular course of action: exploring things alone to potentially motivate the boyfriend. They provide extensive reasoning for this approach and weigh different considerations throughout.,"[""OK here is what I think"", ""he is taking it to an unhealthy level"", ""I say try it alone"", ""The reason I am giving this advise"", ""you can at that point decide if you wish to stay or go"", ""But at least you tried""]","OK here is what I think. To a certain extent I think he is right. Life is not always exciting. When you are together for a number of years life will settle down and get tedious/routine-ish. This is normal. However, he is taking it to an unhealthy level in being that all he wants to do is be a couch potato lol

There are things couples can do to bring back some excitement, but this requires effort on both parties. It seems like he is perfectly fine being a couch potato. 

Now, having said that, what about going out and exploring some things by yourself? I am not saying break up, or take a break. I am talking about self fulfillment. If he won't do things with you, make it a point to go do them alone. Get that excitement you need and see if that helps. Before you protest, yes I am aware that it would be great if you guys did such things together, but since right now he seems adamant on a boring life, I say try it alone. 

The reason I am giving this advise is because its clear you love him and want to work it out. Perhaps if he sees that you are having such a great time alone, and living life to its fullest, he might eventually want to be a part of that. 

As time goes by if he doesn't come around, you can at that point decide if you wish to stay or go. But at least you tried to live your life and make it exciting. I want to add that there is nothing wrong with doing things on your own, its actually vital to have a life outside of your relationship. "
rel_28197541,relationship_advice,reddit_comment,104,,multiplist,high,False,False,False,True,"This response exemplifies genuine multiplist thinking by explicitly stating there's 'no one definition' and emphasizing that asexuality is 'about finding what feels right to you.' The commenter provides multiple examples of different ace experiences without evaluating which is better or more valid, treating all variations as equally legitimate expressions of asexuality.","[""there's no one definition"", ""it's about finding what feels right to you"", ""it's a spectrum""]","Like another commenter said there's no one definition for asexuality, it's a spectrum and it's about finding what feels right to you. I have a few friends that identify as ace, one is sex repulsed but enjoys other intimate acts like kissing and cuddling, another will masterbate as a means of stress relief but doesn't see it as sex and won't have a partner, the other will have sex with their partner but only under certain circumstances and while they don't want to be touched they enjoy bringing pleasure to their partner. 

Perhaps look into the different ace reddit communities and ask some questions."
rel_30746407,relationship_advice,reddit_comment,269,,absolutist,high,False,True,True,False,"The commenter presents definitive judgments throughout without acknowledging uncertainty or alternative viewpoints. They categorically dismiss the boyfriend's behavior as guilt-tripping ('If you don't see it yourself there is no point for me trying to argue'), make absolute statements about compatibility ('they are not compatible anymore'), and present their interpretation of events as clearly correct without room for debate.","[""If you don't see it yourself there is no point"", ""stay blind to it"", ""She made it clear"", ""they are not compatible anymore"", ""It is not a big deal"", ""that is exactly where she stands""]","&gt;Nothing in her post suggests he was trying to guilt-trip her.

If you don't see it yourself there is no point for me trying to argue with you as you would stay blind to it. But I'll give you a clue : the all ""I fEeL lIkE I aM bEiNg PuNiShEd"" üéª As making her SA about him is a good start. 

&gt;It takes courage to bring up some issues in a relationship, especially when it comes to sex. Instead of trying to be understanding and be empathic to her BF's point of view, OP's first response was to call him rude and unempathetic. OP then gave him an ultimatum, saying, ""if it's a deal-breaker, leave."" (A very mature response).

We are not discussing sex preference here. We are discussing boundary made because of a trauma. She made it clear from the start she would never perform it. Him bringing it up like this triggered her, which explains her response. People are free to break up for any reason and if she is scared for her mental health and well being she is free to break up with him. 
If receiving bj is more important to him than his gf wellbeing then they are not compatible anymore. It is not a big deal, people broke up eventually. That's tough but they will get over it with times.

&gt;Edit: If her PTSD is so bad she can't handle a discussion about sex, she should be in therapy, not a relationship.

Well that's good because that is exactly where she stands right now : not in a relationship and in therapy."
rel_30398598,relationship_advice,reddit_comment,211,,evaluativist,high,False,True,True,True,"This response provides clear evaluative judgments with reasoning: calling the emotional affair 'bad,' labeling the suitcase-packing as 'super manipulative and immature,' and recommending therapy as the 'best way' to sort out feelings. While it acknowledges that both parties must decide ('you're only half of this decision'), this comes after providing substantive evaluations and guidance, making it evaluativist rather than multiplist.","[""She's had an emotional affair, which is bad"", ""super manipulative and immature"", ""You should absolutely work out"", ""Therapy, not a Reddit board, is the best way"", ""Only you know whether you can get over that""]","I think for perspective you disregard anything that may or may not happen in the future with her new man, like your hope/fantasy that he will leave her and go back to his wife in the future. 

It really boils down to do you want to be with her?

She‚Äôs had an emotional affair, which is bad. Only you know whether you can get over that. 

She feels emotionally abused by you. You would have to really work on that if you want to stay together because she feels how she feels. (And if you ask me, that packing your suitcase so she‚Äôd beg you to stay bit was super manipulative and immature)

You should absolutely work out your feelings in therapy. But you‚Äôre only half of this decision. If you were to decide you could get over the emotional affair and work on changing yourself, she would still have to want to be with you. It‚Äôs not solely your decision. And therapy will help you understand that as well. 

It doesn‚Äôt matter what your families think. It doesn‚Äôt matter what the other man‚Äôs wife thinks. It matters what you think and what she thinks. Therapy, not a Reddit board, is the best way to sort out and understand your feelings."
rel_37930981,relationship_advice,reddit_comment,216,,absolutist,high,False,True,True,False,"The commenter makes definitive claims about what constitutes harassment versus looking, stating categorically that 'Being looked at is not the same' and 'That still doesn't mean that people looking at me is harassment.' They present their position as factually correct without acknowledging uncertainty or alternative viewpoints, using definitive language throughout.","[""That's not the issue"", ""That still doesn't mean"", ""Harassment is active"", ""Looking alone is passive"", ""I still would like to understand how""]","I sound like a man?

Ok, first, I am a woman. I have been cat called and ogled and harassed. I have been stared at. I know what it's like to walk down the street because AS A WOMAN street harassment is real, especially in larger cities. Being looked at is not the same. It becomes wrong when they start to follow you, call out to you, make vulgar gestures, or heaven forbid, touch you. In my personal experience, I was harassed as a minor, it stopped when I came of adult age (some harassers were grown men). That's not the issue in OP's post, he only said that his GF was looked at, nothing about verbal abuse or hand gestures in the post.

That still doesn't mean that people looking at me is harassment. I'm also bisexual, I have ogled men and women alike. My husband and I have checked out women together. Am I a predator too now? People with working vision will look at people and things they find pleasing. 

What you described about EMT workers is especially disturbing though. The utmost professionalism should always be expected.

I still would like to understand how being looked at equals being harassed. Harassment is active, it involves the perpetrator DOING something. Looking alone is passive."
rel_8451411,relationship_advice,reddit_comment,133,,absolutist,high,False,True,True,False,"This response gives multiple definitive directives without acknowledging uncertainty or alternative perspectives: 'This should be a hill you die on', 'I wouldn't be staying with someone who believes their mom over their wife', 'I would be making him go to couples therapy', 'It would be no more visits at all from me.' The language is certain and prescriptive, presenting these actions as clearly correct without considering complexity or other valid approaches.","[""This should be a hill you die on"", ""I sure as hell wouldn't be staying"", ""I would be making him"", ""It would be no more visits at all"", ""clearly doesn't respect"", ""is endangering""]","You may also want to go to r/JustNoSO You've got both a MIL problem and SO problem. I'm sorry OP but your husband is a dumbass and is putting your son at risk. This should be a hill you die on. I don't know how you repair that trust, but I sure as hell wouldn't be staying with someone who believes their mom over their wife and child. I would be making him go to couples therapy because he's got some serious issues if he is sweeping this under the rug. I wouldn't let my child around that woman. She clearly doesn't respect you as a parent and is endangering your child. It would be no more visits at all from me. 

People did have allergies back then, they just died from them."
